date,vwretd,vwretx
1925-12-31,,
1926-01-30,0.0005610363,-0.001395089
1926-02-27,-0.03304553,-0.03658723
1926-03-31,-0.06400222,-0.07002128
1926-04-30,0.03701948,0.03403132
1926-05-28,0.01209523,0.008584509
1926-06-30,0.05366369,0.04618894
1926-07-31,0.03141126,0.029225
1926-08-31,0.02864728,0.02535763
1926-09-30,0.00578737,3.00449e-05
1926-10-30,-0.02899619,-0.03106881
1926-11-30,0.02855394,0.0229787
1926-12-31,0.029211,0.0214219
1927-01-31,0.002416228,5.323665e-05
1927-02-28,0.0453671,0.04116976
1927-03-31,0.003756279,-0.002241672
1927-04-30,0.007225051,0.005134092
1927-05-31,0.05777311,0.05362266
1927-06-30,-0.02108671,-0.02740624
1927-07-30,0.07527909,0.07286946
1927-08-31,0.02249037,0.01843828
1927-09-30,0.04992352,0.04500271
1927-10-31,-0.0407699,-0.0425937
1927-11-30,0.06845258,0.06329948
1927-12-31,0.02378212,0.01820621
1928-01-31,-0.003339723,-0.005101366
1928-02-29,-0.01447756,-0.01811899
1928-03-31,0.09047843,0.08558162
1928-04-30,0.04384581,0.04208157
1928-05-31,0.01769032,0.01395029
1928-06-30,-0.04524517,-0.05028869
1928-07-31,0.009399799,0.00762611
1928-08-31,0.07020616,0.06618632
1928-09-29,0.03149783,0.0280404
1928-10-31,0.01922795,0.01765021
1928-11-30,0.1214999,0.1163827
1928-12-31,0.005557177,0.001348304
1929-01-31,0.05393473,0.05234604
1929-02-28,-0.0004461388,-0.003385589
1929-03-28,-0.007808392,-0.01179483
1929-04-30,0.01717913,0.01579548
1929-05-31,-0.05992296,-0.06397036
1929-06-29,0.1015726,0.09807518
1929-07-31,0.04595761,0.04414874
1929-08-30,0.08534303,0.08195264
1929-09-30,-0.05045466,-0.05323604
1929-10-31,-0.1966836,-0.1985132
1929-11-27,-0.1238121,-0.1279924
1929-12-31,0.01639001,0.01077326
1930-01-31,0.05840661,0.05580596
1930-02-28,0.02824166,0.02434828
1930-03-31,0.07463142,0.07057096
1930-04-30,-0.0205411,-0.02246035
1930-05-29,-0.01401008,-0.01761061
1930-06-30,-0.1599798,-0.1642593
1930-07-31,0.04196365,0.03952891
1930-08-29,0.003662904,-0.0005810863
1930-09-30,-0.1248049,-0.1294385
1930-10-31,-0.08657879,-0.08912858
1930-11-29,-0.02805652,-0.0319168
1930-12-31,-0.07773924,-0.08443576
1931-01-31,0.06379242,0.06107003
1931-02-28,0.1096945,0.1047697
1931-03-31,-0.06286591,-0.06799862
1931-04-30,-0.100219,-0.1023665
1931-05-29,-0.1338355,-0.1383846
1931-06-30,0.1403397,0.1331774
1931-07-31,-0.06643803,-0.06902687
1931-08-31,0.003078467,-0.001546856
1931-09-30,-0.2917314,-0.2969413
1931-10-31,0.08150863,0.07821291
1931-11-30,-0.08840158,-0.09490846
1931-12-31,-0.134971,-0.1434927
1932-01-30,-0.01053417,-0.01296311
1932-02-29,0.05766299,0.05059035
1932-03-31,-0.1105994,-0.1179782
1932-04-30,-0.1794166,-0.1820323
1932-05-31,-0.2061975,-0.2128041
1932-06-30,-0.004288589,-0.01585415
1932-07-30,0.340643,0.3381621
1932-08-31,0.3713858,0.3653115
1932-09-30,-0.02864878,-0.03460884
1932-10-31,-0.1325531,-0.1340244
1932-11-30,-0.0582601,-0.06351208
1932-12-31,0.0452272,0.03653667
1933-01-31,0.009813348,0.00788943
1933-02-28,-0.1532038,-0.1580706
1933-03-31,0.03310537,0.02502997
1933-04-29,0.3941433,0.3921327
1933-05-31,0.2132608,0.209702
1933-06-30,0.1333642,0.1287616
1933-07-31,-0.09634148,-0.09726182
1933-08-31,0.1212846,0.1188808
1933-09-30,-0.1058357,-0.1099314
1933-10-31,-0.0836499,-0.08504699
1933-11-29,0.09989588,0.09480579
1933-12-30,0.01787564,0.01352499
1934-01-31,0.1267794,0.1250781
1934-02-28,-0.0242871,-0.02769406
1934-03-31,0.004425098,0.0001793101
1934-04-30,-0.01834544,-0.0197426
1934-05-31,-0.07227332,-0.07535212
1934-06-30,0.02534446,0.02082335
1934-07-31,-0.1093659,-0.111132
1934-08-31,0.05704261,0.05171052
1934-09-29,-0.002361888,-0.006752963
1934-10-31,-0.01889535,-0.02033311
1934-11-30,0.08209548,0.07748412
1934-12-31,0.003554074,-0.001823934
1935-01-31,-0.03341629,-0.03524853
1935-02-28,-0.01946191,-0.02377938
1935-03-30,-0.0360132,-0.04113876
1935-04-30,0.09045231,0.08898704
1935-05-31,0.03456105,0.0306583
1935-06-29,0.05779622,0.05303206
1935-07-31,0.07416016,0.07261322
1935-08-31,0.02677315,0.02297936
1935-09-30,0.02607417,0.02172667
1935-10-31,0.06943941,0.06791967
1935-11-30,0.05287168,0.04789818
1935-12-31,0.04692622,0.0424954
1936-01-31,0.06955885,0.06774869
1936-02-29,0.02540242,0.02223048
1936-03-31,0.008253022,0.004881346
1936-04-30,-0.08148064,-0.08264557
1936-05-29,0.05204289,0.04748753
1936-06-30,0.02467073,0.02075382
1936-07-31,0.06595436,0.06432601
1936-08-31,0.01095011,0.006604931
1936-09-30,0.01189897,0.007962374
1936-10-31,0.06998621,0.06846856
1936-11-30,0.03285445,0.02401865
1936-12-31,0.00279573,-0.003385325
1937-01-30,0.0332575,0.03183618
1937-02-27,0.01311363,0.01021223
1937-03-31,-0.002732144,-0.006259466
1937-04-30,-0.07541613,-0.0765765
1937-05-28,-0.007054292,-0.01190365
1937-06-30,-0.04174794,-0.04627191
1937-07-31,0.08972497,0.08811642
1937-08-31,-0.04836485,-0.05275796
1937-09-30,-0.1366226,-0.1412787
1937-10-30,-0.09579819,-0.09736761
1937-11-30,-0.08305319,-0.09519979
1937-12-31,-0.04077352,-0.05000376
1938-01-31,0.00677615,0.005110966
1938-02-28,0.05801302,0.053921
1938-03-31,-0.2384162,-0.2431282
1938-04-30,0.145963,0.1440598
1938-05-31,-0.03905327,-0.04367674
1938-06-30,0.2379136,0.2324737
1938-07-30,0.07209713,0.07062814
1938-08-31,-0.02713935,-0.03048395
1938-09-30,0.008912485,0.004988994
1938-10-31,0.07892665,0.0774769
1938-11-30,-0.0182064,-0.0232553
1938-12-31,0.04191948,0.03651909
1939-01-31,-0.0603808,-0.06161134
1939-02-28,0.03525531,0.0311949
1939-03-31,-0.1207268,-0.1246727
1939-04-29,-0.001931715,-0.003435781
1939-05-31,0.06897085,0.06424364
1939-06-30,-0.05362552,-0.05818541
1939-07-31,0.1022428,0.100681
1939-08-31,-0.06726375,-0.07178942
1939-09-30,0.1618149,0.15731
1939-10-31,-0.00419136,-0.005407186
1939-11-30,-0.0371309,-0.04581723
1939-12-30,0.0296858,0.02279488
1940-01-31,-0.0242149,-0.02561323
1940-02-29,0.01475754,0.009781705
1940-03-30,0.01864297,0.01460406
1940-04-30,0.0008372561,-0.0009295185
1940-05-31,-0.221112,-0.2270364
1940-06-29,0.06685613,0.06111708
1940-07-31,0.03192315,0.0300306
1940-08-31,0.02429623,0.0176306
1940-09-30,0.02311811,0.01819161
1940-10-31,0.0301431,0.028254
1940-11-30,-0.01675246,-0.02688218
1940-12-31,0.006585705,-0.001261003
1941-01-31,-0.04122673,-0.04285342
1941-02-28,-0.01380112,-0.019944
1941-03-31,0.009514603,0.003859863
1941-04-30,-0.05401833,-0.05586177
1941-05-31,0.01314046,0.005155658
1941-06-30,0.05849508,0.05156917
1941-07-31,0.05954285,0.05728114
1941-08-30,-0.001156274,-0.007953304
1941-09-30,-0.007611061,-0.01275818
1941-10-31,-0.05292592,-0.05529963
1941-11-29,-0.02027067,-0.03268477
1941-12-31,-0.04669163,-0.05660914
1942-01-31,0.008978517,0.007175041
1942-02-28,-0.02365086,-0.02996957
1942-03-31,-0.06514447,-0.07173388
1942-04-30,-0.04358327,-0.04599215
1942-05-29,0.06017389,0.0523934
1942-06-30,0.02577185,0.01822644
1942-07-31,0.03532647,0.03281493
1942-08-31,0.01840786,0.01191974
1942-09-30,0.0270694,0.02107176
1942-10-31,0.06908754,0.06705298
1942-11-30,0.001176534,-0.009144468
1942-12-31,0.05128972,0.0424831
1943-01-30,0.07338221,0.0718694
1943-02-27,0.06047818,0.05534167
1943-03-31,0.06179447,0.05672722
1943-04-30,0.007333476,0.00583973
1943-05-29,0.05714205,0.05172483
1943-06-30,0.01735075,0.01227068
1943-07-31,-0.04775291,-0.04928124
1943-08-31,0.0134443,0.00879481
1943-09-30,0.02407737,0.01910466
1943-10-30,-0.01157259,-0.01276298
1943-11-30,-0.05990256,-0.06856292
1943-12-31,0.06421655,0.05694492
1944-01-31,0.01803042,0.01662886
1944-02-29,0.003458829,-0.001590943
1944-03-31,0.02476819,0.01997652
1944-04-29,-0.01648407,-0.01783581
1944-05-31,0.05090894,0.04492671
1944-06-30,0.05684176,0.05152419
1944-07-31,-0.0151938,-0.01661343
1944-08-31,0.01559742,0.01041734
1944-09-30,0.0004530501,-0.003469491
1944-10-31,0.002118638,0.0006111126
1944-11-30,0.01666823,0.007607566
1944-12-30,0.04106975,0.03530129
1945-01-31,0.02021756,0.01895089
1945-02-28,0.06447703,0.05989389
1945-03-31,-0.03917724,-0.0431643
1945-04-30,0.07823165,0.07698071
1945-05-31,0.01818529,0.01243866
1945-06-30,0.004676164,0.001087326
1945-07-31,-0.02206635,-0.02330517
1945-08-31,0.0618262,0.05714744
1945-09-29,0.04829652,0.04496875
1945-10-31,0.03874934,0.03760473
1945-11-30,0.05485895,0.04786152
1945-12-31,0.01300259,0.009218492
1946-01-31,0.06340188,0.06222815
1946-02-28,-0.05825729,-0.06174299
1946-03-30,0.0579414,0.05461988
1946-04-30,0.04229307,0.04115438
1946-05-31,0.0401952,0.03607458
1946-06-28,-0.03866839,-0.04151737
1946-07-31,-0.02630898,-0.0276966
1946-08-30,-0.06446838,-0.06841994
1946-09-30,-0.1020226,-0.1054101
1946-10-31,-0.01416352,-0.01590263
1946-11-30,0.000696889,-0.006475042
1946-12-31,0.0501611,0.04341165
1947-01-31,0.01308428,0.01153595
1947-02-28,-0.01109093,-0.01638117
1947-03-31,-0.01679013,-0.02080455
1947-04-30,-0.04769807,-0.04948724
1947-05-29,-0.009624612,-0.01631714
1947-06-30,0.05322647,0.04853845
1947-07-31,0.04134795,0.03934192
1947-08-29,-0.01735736,-0.02266835
1947-09-30,-0.00466713,-0.009472784
1947-10-31,0.02483112,0.02284688
1947-11-29,-0.01874959,-0.02851441
1947-12-31,0.03070795,0.02324921
1948-01-31,-0.03790801,-0.03968485
1948-02-28,-0.04342223,-0.04950245
1948-03-31,0.08262763,0.07686526
1948-04-30,0.03812801,0.03597245
1948-05-28,0.07431936,0.06838211
1948-06-30,-0.0002798976,-0.005418804
1948-07-30,-0.05028754,-0.05175009
1948-08-31,0.003762302,-0.002899625
1948-09-30,-0.02981309,-0.03512317
1948-10-30,0.06031576,0.05742474
1948-11-30,-0.09207732,-0.1025649
1948-12-31,0.03256602,0.02402407
1949-01-31,0.00307437,0.001117831
1949-02-28,-0.02885193,-0.03623671
1949-03-31,0.04153747,0.03533921
1949-04-30,-0.01797221,-0.02056604
1949-05-31,-0.02848772,-0.03551464
1949-06-30,0.002180482,-0.004382391
1949-07-29,0.05637717,0.05477603
1949-08-31,0.02691613,0.01888697
1949-09-30,0.03208201,0.02726529
1949-10-31,0.03180142,0.03000247
1949-11-30,0.01853478,0.004548589
1949-12-31,0.05226684,0.04476902
1950-01-31,0.01776387,0.01587194
1950-02-28,0.01523364,0.008173049
1950-03-31,0.01274167,0.007457455
1950-04-29,0.04067758,0.03873637
1950-05-31,0.04417265,0.03681714
1950-06-30,-0.0580182,-0.06279892
1950-07-31,0.01612194,0.01457708
1950-08-31,0.05087451,0.04021266
1950-09-29,0.0490439,0.04412192
1950-10-31,-0.001184262,-0.002931113
1950-11-30,0.02905564,0.01226841
1950-12-30,0.05794587,0.0510475
1951-01-31,0.05873524,0.05676111
1951-02-28,0.01408586,0.00743502
1951-03-31,-0.02111456,-0.02575298
1951-04-30,0.05006079,0.04848769
1951-05-31,-0.02246361,-0.02996986
1951-06-29,-0.02553251,-0.02983426
1951-07-31,0.07161052,0.07024319
1951-08-31,0.0450037,0.03675028
1951-09-28,0.009086545,0.005339418
1951-10-31,-0.02262877,-0.02455598
1951-11-30,0.00619348,-0.004035376
1951-12-31,0.03526568,0.0302408
1952-01-31,0.01700245,0.01542049
1952-02-29,-0.02514076,-0.03232816
1952-03-31,0.04586996,0.04172604
1952-04-30,-0.04914772,-0.05084731
1952-05-29,0.03284694,0.02536721
1952-06-30,0.03957465,0.03558823
1952-07-31,0.01140411,0.009897133
1952-08-29,-0.006732553,-0.01380302
1952-09-30,-0.0191469,-0.02306495
1952-10-31,-0.005309009,-0.006960132
1952-11-28,0.05934718,0.0497615
1952-12-31,0.03106571,0.02639906
1953-01-30,-0.001644253,-0.002727623
1953-02-27,-0.001820268,-0.00910893
1953-03-31,-0.01286202,-0.01668057
1953-04-30,-0.02770464,-0.02912582
1953-05-29,0.006921144,-0.0003487054
1953-06-30,-0.01637693,-0.02052332
1953-07-31,0.02511135,0.02355676
1953-08-31,-0.04405621,-0.05136548
1953-09-30,0.003009872,-0.001313044
1953-10-30,0.04752312,0.04592758
1953-11-30,0.02850134,0.0184451
1953-12-31,0.0006782706,-0.00464209
1954-01-29,0.05272153,0.05150025
1954-02-26,0.01755125,0.01032486
1954-03-31,0.0373766,0.0333743
1954-04-30,0.04316166,0.04181948
1954-05-28,0.0317037,0.02520822
1954-06-30,0.01155965,0.007766757
1954-07-30,0.05066832,0.04944175
1954-08-31,-0.02276267,-0.02936904
1954-09-30,0.06463256,0.06138108
1954-10-29,-0.0162159,-0.01762221
1954-11-30,0.09538717,0.08604553
1954-12-31,0.05546865,0.05180648
1955-01-31,0.006837672,0.006027111
1955-02-28,0.03135416,0.02572471
1955-03-31,-0.0009945033,-0.004255666
1955-04-29,0.03235196,0.03134342
1955-05-31,0.01203341,0.006450131
1955-06-30,0.06610822,0.06318117
1955-07-29,0.02024557,0.01936649
1955-08-31,0.004196894,-0.00157858
1955-09-30,-0.00200948,-0.004542534
1955-10-31,-0.02575151,-0.02681207
1955-11-30,0.07186419,0.06269655
1955-12-30,0.01654255,0.01339
1956-01-31,-0.02811947,-0.02947479
1956-02-29,0.03960966,0.034439
1956-03-29,0.06845615,0.06564111
1956-04-30,0.005083206,0.004136442
1956-05-31,-0.04930901,-0.05484805
1956-06-29,0.0372509,0.0345402
1956-07-31,0.05082991,0.04953136
1956-08-31,-0.0298204,-0.03496549
1956-09-28,-0.04960825,-0.05206443
1956-10-31,0.007291722,0.005533645
1956-11-30,0.004677877,-0.0022382
1956-12-31,0.03495719,0.03154783
1957-01-31,-0.03212142,-0.03352918
1957-02-28,-0.01870262,-0.02419817
1957-03-29,0.02411172,0.02094724
1957-04-30,0.04517923,0.04378531
1957-05-31,0.03667944,0.0311772
1957-06-28,-0.005054421,-0.007812272
1957-07-31,0.008937786,0.007362433
1957-08-30,-0.05005114,-0.05522611
1957-09-30,-0.05758639,-0.06038686
1957-10-31,-0.04125081,-0.04304999
1957-11-29,0.02560463,0.01852138
1957-12-31,-0.03736046,-0.04117944
1958-01-31,0.04959513,0.04823868
1958-02-28,-0.01425682,-0.02035136
1958-03-31,0.03369981,0.03026349
1958-04-30,0.03083256,0.02928199
1958-05-29,0.02458158,0.01918583
1958-06-30,0.02949272,0.02626498
1958-07-31,0.04484433,0.04327591
1958-08-29,0.01918109,0.0144639
1958-09-30,0.04868042,0.04574565
1958-10-31,0.02718404,0.02573935
1958-11-28,0.03061017,0.02544129
1958-12-31,0.05309946,0.05029324
1959-01-30,0.009120074,0.008121918
1959-02-27,0.01121954,0.006813199
1959-03-31,0.004669121,0.002112742
1959-04-30,0.03789878,0.03687685
1959-05-29,0.01959489,0.01536404
1959-06-30,0.000676478,-0.001864918
1959-07-31,0.03436159,0.03332653
1959-08-31,-0.01244558,-0.01650202
1959-09-30,-0.04497696,-0.04740272
1959-10-30,0.01574567,0.01461263
1959-11-30,0.01855666,0.01327213
1959-12-31,0.02804312,0.02527081
1960-01-29,-0.06624392,-0.06719053
1960-02-29,0.01441908,0.009714183
1960-03-31,-0.01282217,-0.01548754
1960-04-29,-0.01527067,-0.01632874
1960-05-31,0.03409799,0.02927934
1960-06-30,0.0228328,0.02013439
1960-07-29,-0.02270468,-0.02363535
1960-08-31,0.03221498,0.0270645
1960-09-30,-0.05867334,-0.06086004
1960-10-31,-0.004704664,-0.0059214
1960-11-30,0.0486173,0.04264591
1960-12-30,0.04853724,0.04623041
1961-01-31,0.0639524,0.06278691
1961-02-28,0.03700465,0.03283449
1961-03-30,0.03060992,0.02834709
1961-04-28,0.005644733,0.004884156
1961-05-31,0.02589407,0.02161854
1961-06-30,-0.02849906,-0.03057025
1961-07-31,0.02995465,0.02920686
1961-08-31,0.02685441,0.0218724
1961-09-29,-0.01999036,-0.02126599
1961-10-31,0.02733113,0.0260924
1961-11-30,0.04545113,0.03987947
1961-12-29,0.0007129512,-0.0005986127
1962-01-31,-0.03614699,-0.03748801
1962-02-28,0.01951236,0.01525198
1962-03-30,-0.004687611,-0.006113366
1962-04-30,-0.06343471,-0.06421227
1962-05-31,-0.08461992,-0.08976255
1962-06-29,-0.08261504,-0.0843363
1962-07-31,0.06543834,0.06412908
1962-08-31,0.02341672,0.01788764
1962-09-28,-0.05015823,-0.05178678
1962-10-31,0.002187336,0.0004307727
1962-11-30,0.1101368,0.1029244
1962-12-31,0.01186474,0.01005597
1963-01-31,0.05184811,0.05047498
1963-02-28,-0.02193102,-0.02660777
1963-03-29,0.03291725,0.03123254
1963-04-30,0.0474385,0.04643453
1963-05-31,0.02005121,0.01472589
1963-06-28,-0.01803017,-0.01945858
1963-07-31,-0.001717713,-0.002994894
1963-08-30,0.0526837,0.04803517
1963-09-30,-0.01189818,-0.01331662
1963-10-31,0.02770818,0.02627621
1963-11-29,-0.005549108,-0.01169168
1963-12-31,0.02173631,0.01997825
1964-01-31,0.02578997,0.02473084
1964-02-28,0.01720724,0.0126531
1964-03-31,0.0176361,0.01596718
1964-04-30,0.004607626,0.003672387
1964-05-28,0.01740315,0.01253057
1964-06-30,0.01507977,0.01341283
1964-07-31,0.02011826,0.01912654
1964-08-31,-0.01126617,-0.01557534
1964-09-30,0.03048011,0.0287915
1964-10-30,0.008869391,0.007730329
1964-11-30,0.003089464,-0.002672711
1964-12-31,0.003689812,0.001939214
1965-01-29,0.03864561,0.03766311
1965-02-26,0.006946041,0.002633822
1965-03-31,-0.009715187,-0.01142809
1965-04-30,0.03365206,0.03273698
1965-05-28,-0.004350448,-0.009102405
1965-06-30,-0.05186821,-0.05359144
1965-07-30,0.01675948,0.0158707
1965-08-31,0.03088309,0.02613319
1965-09-30,0.03195209,0.03035679
1965-10-29,0.02927135,0.02821175
1965-11-30,0.003065044,-0.002960564
1965-12-31,0.01354471,0.01197604
1966-01-31,0.01212212,0.01123132
1966-02-28,-0.008620756,-0.01301414
1966-03-31,-0.02092288,-0.02274645
1966-04-29,0.02483739,0.02385366
1966-05-31,-0.05253867,-0.05748318
1966-06-30,-0.01031721,-0.012063
1966-07-29,-0.01287018,-0.01383052
1966-08-31,-0.07538754,-0.08071169
1966-09-30,-0.006958117,-0.00869541
1966-10-31,0.04229421,0.04117124
1966-11-30,0.01751637,0.01060577
1966-12-30,0.006209978,0.004409485
1967-01-31,0.08552976,0.0840772
1967-02-28,0.01094539,0.006257046
1967-03-31,0.04338417,0.04158221
1967-04-28,0.04160927,0.04069712
1967-05-31,-0.03929281,-0.04421654
1967-06-30,0.02690269,0.02534123
1967-07-31,0.04918948,0.04827718
1967-08-31,-0.006282217,-0.0110734
1967-09-29,0.03428572,0.03287484
1967-10-31,-0.02743312,-0.02864967
1967-11-30,0.007901741,0.002565456
1967-12-29,0.03369925,0.03220332
1968-01-31,-0.03632957,-0.03782917
1968-02-29,-0.03362427,-0.03810726
1968-03-29,0.005116275,0.003739882
1968-04-30,0.09414836,0.09273028
1968-05-31,0.02704065,0.02249407
1968-06-28,0.01152704,0.01003735
1968-07-30,-0.02202445,-0.02316198
1968-08-30,0.01803775,0.01349507
1968-09-30,0.04445377,0.04320716
1968-10-31,0.009040978,0.00746743
1968-11-29,0.05850155,0.0541251
1968-12-31,-0.03387295,-0.03536253
1969-01-31,-0.006711497,-0.007725011
1969-02-28,-0.05364015,-0.0578821
1969-03-28,0.03050577,0.02906242
1969-04-30,0.0205258,0.01934541
1969-05-29,0.005039671,0.0002406223
1969-06-30,-0.06738747,-0.06895787
1969-07-31,-0.06517229,-0.06637257
1969-08-29,0.05148963,0.04651694
1969-09-30,-0.02258988,-0.02416673
1969-10-31,0.05563813,0.05377064
1969-11-28,-0.03216413,-0.03667784
1969-12-31,-0.01968058,-0.0214711
1970-01-30,-0.07325444,-0.07451907
1970-02-27,0.05670589,0.05165083
1970-03-31,-0.004729233,-0.006568934
1970-04-30,-0.1053181,-0.1063926
1970-05-29,-0.06434634,-0.06993096
1970-06-30,-0.05106682,-0.05337178
1970-07-31,0.07416943,0.07213157
1970-08-31,0.05003589,0.0445838
1970-09-30,0.04753591,0.04560075
1970-10-30,-0.01820787,-0.02044983
1970-11-30,0.05044786,0.04535408
1970-12-31,0.06072318,0.05896893
1971-01-29,0.05202988,0.05077222
1971-02-26,0.01691275,0.01241273
1971-03-31,0.04477803,0.04297191
1971-04-30,0.03333182,0.03229977
1971-05-28,-0.03640874,-0.04073733
1971-06-30,0.003119002,0.001385168
1971-07-30,-0.0402827,-0.04131726
1971-08-31,0.042511,0.03766605
1971-09-30,-0.005015607,-0.006491065
1971-10-29,-0.04068223,-0.04234599
1971-11-30,-0.00126244,-0.005696284
1971-12-31,0.09125715,0.08955748
1972-01-31,0.02838269,0.02716926
1972-02-29,0.03134902,0.02727213
1972-03-30,0.008722363,0.007247163
1972-04-28,0.005505237,0.004722689
1972-05-31,0.0163754,0.01195969
1972-06-30,-0.02089637,-0.02241182
1972-07-31,-0.004253711,-0.005309554
1972-08-31,0.03596627,0.03185657
1972-09-29,-0.00767067,-0.009085381
1972-10-31,0.008675651,0.007357888
1972-11-30,0.04976369,0.04530478
1972-12-29,0.01124339,0.009903268
1973-01-31,-0.02745212,-0.02865205
1973-02-28,-0.04437003,-0.04791617
1973-03-30,-0.00785923,-0.009332621
1973-04-30,-0.05176649,-0.05296189
1973-05-31,-0.02451079,-0.02877977
1973-06-29,-0.008646034,-0.01042188
1973-07-31,0.05695646,0.05551017
1973-08-31,-0.02965682,-0.03403885
1973-09-28,0.05393452,0.05253284
1973-10-31,-0.0004137742,-0.002140434
1973-11-30,-0.1207083,-0.1255516
1973-12-31,0.01143777,0.009422302
1974-01-31,0.004412651,0.002807493
1974-02-28,0.002345542,-0.002451242
1974-03-29,-0.02336409,-0.02529904
1974-04-30,-0.04596036,-0.04769372
1974-05-31,-0.04198125,-0.04732036
1974-06-28,-0.02294235,-0.02540684
1974-07-31,-0.0708743,-0.0726949
1974-08-30,-0.08775711,-0.0945784
1974-09-30,-0.1097183,-0.1122735
1974-10-31,0.1655842,0.1624591
1974-11-29,-0.04104608,-0.04824106
1974-12-31,-0.02700541,-0.0303016
1975-01-31,0.1415996,0.1395913
1975-02-28,0.05841161,0.05162884
1975-03-31,0.03019048,0.02744221
1975-04-30,0.0464966,0.04443246
1975-05-30,0.05513955,0.04954172
1975-06-30,0.0514733,0.04895755
1975-07-31,-0.06038475,-0.06231802
1975-08-29,-0.02355747,-0.0289601
1975-09-30,-0.03800994,-0.04048618
1975-10-31,0.05585663,0.0532725
1975-11-28,0.03122155,0.02580128
1975-12-31,-0.01099778,-0.01367704
1976-01-30,0.1260121,0.1243717
1976-02-27,0.007309568,0.002080979
1976-03-31,0.02674024,0.02429468
1976-04-30,-0.01040185,-0.01166792
1976-05-28,-0.009325552,-0.01530534
1976-06-30,0.0445222,0.04216931
1976-07-30,-0.006135181,-0.007573178
1976-08-31,-0.001398304,-0.00738748
1976-09-30,0.02451245,0.02238531
1976-10-29,-0.02037328,-0.02225022
1976-11-30,0.005360569,-0.001441288
1976-12-31,0.06159295,0.05930213
1977-01-31,-0.03632781,-0.03799669
1977-02-28,-0.01574357,-0.02176887
1977-03-31,-0.009248926,-0.01179684
1977-04-29,0.004962074,0.003563683
1977-05-31,-0.010777,-0.01800518
1977-06-30,0.05136869,0.04871236
1977-07-29,-0.01280639,-0.01416153
1977-08-31,-0.0133381,-0.02027791
1977-09-30,0.001571886,-0.001008369
1977-10-31,-0.03927759,-0.04131206
1977-11-30,0.0454397,0.03708068
1977-12-30,0.008222711,0.005497335
1978-01-31,-0.05519892,-0.05720906
1978-02-28,-0.009274695,-0.01670032
1978-03-31,0.03400927,0.03086472
1978-04-28,0.08285324,0.08120263
1978-05-31,0.02322997,0.01549907
1978-06-30,-0.01074848,-0.01374031
1978-07-31,0.05674101,0.05486828
1978-08-31,0.04237023,0.03550362
1978-09-29,-0.006888614,-0.009455548
1978-10-31,-0.1109954,-0.1135999
1978-11-30,0.03378727,0.02575158
1978-12-29,0.01770776,0.01457982
1979-01-31,0.04952989,0.04701915
1979-02-28,-0.02676539,-0.03378078
1979-03-30,0.06561343,0.06247229
1979-04-30,0.008519714,0.006437891
1979-05-31,-0.0135714,-0.02145847
1979-06-29,0.04685158,0.04382055
1979-07-31,0.0149913,0.01277309
1979-08-31,0.06473161,0.05730538
1979-09-28,0.001426022,-0.0009315157
1979-10-31,-0.07266193,-0.07546969
1979-11-30,0.06360384,0.0558097
1979-12-31,0.02821459,0.02517364
1980-01-31,0.0656071,0.06330267
1980-02-29,0.001014553,-0.005740018
1980-03-31,-0.1202242,-0.1232577
1980-04-30,0.05228722,0.04983296
1980-05-30,0.06009048,0.0526288
1980-06-30,0.03771436,0.03443834
1980-07-31,0.06943817,0.06706572
1980-08-29,0.02355349,0.01723647
1980-09-30,0.02949784,0.02661672
1980-10-31,0.02009481,0.0173695
1980-11-28,0.1049521,0.09901022
1980-12-31,-0.03440953,-0.03704026
1981-01-30,-0.0400866,-0.04182503
1981-02-27,0.01552131,0.009122989
1981-03-31,0.04618385,0.0430958
1981-04-30,-0.01126798,-0.0130372
1981-05-29,0.01354971,0.007405337
1981-06-30,-0.01024293,-0.01335654
1981-07-31,-0.003079696,-0.004806411
1981-08-31,-0.05627897,-0.06301168
1981-09-30,-0.0637726,-0.06671281
1981-10-30,0.06016174,0.05700452
1981-11-30,0.04584871,0.03922646
1981-12-31,-0.02809612,-0.03110403
1982-01-29,-0.02620954,-0.02791291
1982-02-26,-0.05112618,-0.05863886
1982-03-31,-0.01009922,-0.01405281
1982-04-30,0.04326658,0.04142182
1982-05-28,-0.02821212,-0.03659585
1982-06-30,-0.02391208,-0.02737914
1982-07-30,-0.02052648,-0.02274425
1982-08-31,0.1190134,0.1099314
1982-09-30,0.0167605,0.0136702
1982-10-29,0.1186357,0.1159299
1982-11-30,0.05193514,0.04499053
1982-12-31,0.01451638,0.01202965
1983-01-31,0.0418502,0.03976163
1983-02-28,0.03021464,0.02420383
1983-03-31,0.03468012,0.03162277
1983-04-29,0.07418793,0.07284208
1983-05-31,0.01322573,0.00796144
1983-06-30,0.03783816,0.03486615
1983-07-29,-0.0315681,-0.03286362
1983-08-31,0.003463272,-0.001802754
1983-09-30,0.01602804,0.01310332
1983-10-31,-0.02807411,-0.02977511
1983-11-30,0.02955602,0.02420569
1983-12-30,-0.01046448,-0.01344247
1984-01-31,-0.01302285,-0.01487287
1984-02-29,-0.03907315,-0.04393793
1984-03-30,0.01338927,0.01002427
1984-04-30,0.002538022,0.0008008646
1984-05-31,-0.05231993,-0.057705
1984-06-29,0.02338528,0.01950237
1984-07-31,-0.02062114,-0.0225417
1984-08-31,0.1126885,0.1068118
1984-09-28,0.0004043814,-0.002537604
1984-10-31,-7.382668e-05,-0.002921365
1984-11-30,-0.010685,-0.01525722
1984-12-31,0.0236557,0.02009463
1985-01-31,0.08571779,0.08350623
1985-02-28,0.01689597,0.01226748
1985-03-29,-0.001746779,-0.004924281
1985-04-30,-0.002186324,-0.003957598
1985-05-31,0.05577472,0.05079897
1985-06-28,0.01709133,0.01403798
1985-07-31,-0.0002511031,-0.002220191
1985-08-30,-0.00479548,-0.009592973
1985-09-30,-0.0398255,-0.04257619
1985-10-31,0.04444139,0.04202319
1985-11-29,0.06922796,0.06469836
1985-12-31,0.04306141,0.04008036
1986-01-31,0.009829425,0.008006301
1986-02-28,0.07250004,0.06818967
1986-03-31,0.05388493,0.05135969
1986-04-30,-0.007902812,-0.009633468
1986-05-30,0.05084357,0.04712284
1986-06-30,0.01424553,0.01162394
1986-07-31,-0.05970048,-0.06145449
1986-08-29,0.06618101,0.06242792
1986-09-30,-0.07902107,-0.0812735
1986-10-31,0.04930313,0.0468585
1986-11-28,0.01509289,0.01087366
1986-12-31,-0.02638821,-0.02905734
1987-01-30,0.1284963,0.1269244
1987-02-27,0.04791798,0.04449139
1987-03-31,0.02366442,0.02121804
1987-04-30,-0.01700052,-0.01889795
1987-05-29,0.005124947,0.001874354
1987-06-30,0.04366169,0.04114968
1987-07-31,0.04424779,0.04234821
1987-08-31,0.03714636,0.03385976
1987-09-30,-0.02077383,-0.02284639
1987-10-30,-0.225363,-0.2273441
1987-11-30,-0.07227264,-0.07651292
1987-12-31,0.07032661,0.06721444
1988-01-29,0.04488041,0.04304757
1988-02-29,0.05169475,0.0459987
1988-03-31,-0.01659758,-0.01927279
1988-04-29,0.01099083,0.009188472
1988-05-31,0.000447785,-0.003858654
1988-06-30,0.05145948,0.04874565
1988-07-29,-0.007271733,-0.009940206
1988-08-31,-0.02800588,-0.0324433
1988-09-30,0.03720232,0.03460302
1988-10-31,0.01764623,0.0144825
1988-11-30,-0.01641204,-0.02113119
1988-12-30,0.02107465,0.01763094
1989-01-31,0.06610258,0.06330663
1989-02-28,-0.01644639,-0.02017669
1989-03-31,0.02146523,0.01864206
1989-04-28,0.04820446,0.0462695
1989-05-31,0.03933809,0.03458369
1989-06-30,-0.004866142,-0.007438884
1989-07-31,0.07713073,0.07488354
1989-08-31,0.0221267,0.01822815
1989-09-29,-0.001474362,-0.003969902
1989-10-31,-0.02928529,-0.0313375
1989-11-30,0.0178139,0.01433103
1989-12-29,0.01829512,0.01551648
1990-01-31,-0.07011517,-0.07194859
1990-02-28,0.01490096,0.01095788
1990-03-30,0.02414006,0.02161839
1990-04-30,-0.0282857,-0.03056491
1990-05-31,0.08893429,0.08464792
1990-06-29,-0.004196256,-0.006739403
1990-07-31,-0.009402919,-0.01160359
1990-08-31,-0.09190542,-0.09571898
1990-09-28,-0.05384322,-0.05610874
1990-10-31,-0.01250398,-0.01505387
1990-11-30,0.06574359,0.0614158
1990-12-31,0.02951265,0.02627569
1991-01-31,0.04907785,0.04698179
1991-02-28,0.07584678,0.07183495
1991-03-28,0.02892273,0.02670245
1991-04-30,0.003314882,0.001189869
1991-05-31,0.0407327,0.03717303
1991-06-28,-0.04402925,-0.04627695
1991-07-31,0.04679512,0.04498963
1991-08-30,0.0268165,0.02328449
1991-09-30,-0.01097486,-0.01307413
1991-10-31,0.01781452,0.01621535
1991-11-29,-0.03727527,-0.0405571
1991-12-31,0.1067778,0.104142
1992-01-31,-0.001182341,-0.002610427
1992-02-28,0.01335434,0.01030639
1992-03-31,-0.02369961,-0.02597122
1992-04-30,0.01341884,0.01187601
1992-05-29,0.006438549,0.003333374
1992-06-30,-0.01927053,-0.02167862
1992-07-31,0.03989998,0.0383686
1992-08-31,-0.02081965,-0.02397173
1992-09-30,0.01244722,0.01027109
1992-10-30,0.01098552,0.009548468
1992-11-30,0.04019304,0.03696318
1992-12-31,0.01776835,0.01555981
1993-01-29,0.01264374,0.01132782
1993-02-26,0.005402277,0.00264014
1993-03-31,0.02511569,0.02268481
1993-04-30,-0.02540042,-0.02672407
1993-05-28,0.02959926,0.02656515
1993-06-30,0.005440016,0.003222431
1993-07-30,-0.0007919354,-0.002139848
1993-08-31,0.03947853,0.03654622
1993-09-30,0.0006406775,-0.001341677
1993-10-29,0.01806427,0.01674332
1993-11-30,-0.01760636,-0.02048276
1993-12-31,0.01951495,0.0174882
1994-01-31,0.03146612,0.03007716
1994-02-28,-0.02422607,-0.02677939
1994-03-31,-0.04579477,-0.04788306
1994-04-29,0.009477681,0.008027069
1994-05-31,0.009360213,0.006368834
1994-06-30,-0.02790886,-0.03008349
1994-07-29,0.03062849,0.02925417
1994-08-31,0.04259737,0.03969129
1994-09-30,-0.01836337,-0.02037859
1994-10-31,0.01451999,0.0129993
1994-11-30,-0.03721879,-0.03999278
1994-12-30,0.01260929,0.01016868
1995-01-31,0.02039915,0.01879849
1995-02-28,0.03961473,0.03703996
1995-03-31,0.02704092,0.02486156
1995-04-28,0.02504808,0.02359617
1995-05-31,0.03400704,0.03122701
1995-06-30,0.03116877,0.02923957
1995-07-31,0.04077881,0.03893033
1995-08-31,0.009298149,0.006800372
1995-09-29,0.03636483,0.03465203
1995-10-31,-0.01131434,-0.01264595
1995-11-30,0.04280418,0.04033424
1995-12-29,0.01518271,0.01334402
1996-01-31,0.02813779,0.02682067
1996-02-29,0.01631033,0.01418833
1996-03-29,0.0109254,0.009221327
1996-04-30,0.02550821,0.02426316
1996-05-31,0.02680193,0.02454256
1996-06-28,-0.008302097,-0.009833575
1996-07-31,-0.05381449,-0.05525121
1996-08-30,0.03244783,0.03037689
1996-09-30,0.05303539,0.05132859
1996-10-31,0.01372897,0.01235742
1996-11-29,0.06557749,0.06359541
1996-12-31,-0.01139712,-0.01307643
1997-01-31,0.05347287,0.05238989
1997-02-28,-0.001122383,-0.002857378
1997-03-31,-0.04486756,-0.04651896
1997-04-30,0.04237316,0.04115718
1997-05-30,0.07162357,0.06977165
1997-06-30,0.04409472,0.04270323
1997-07-31,0.0765142,0.07520195
1997-08-29,-0.03629111,-0.03764974
1997-09-30,0.0584994,0.05709451
1997-10-31,-0.03443615,-0.03550582
1997-11-28,0.03040374,0.02889054
1997-12-31,0.01781677,0.01630194
1998-01-30,0.00450245,0.003623927
1998-02-27,0.07330329,0.07179834
1998-03-31,0.05130106,0.05004393
1998-04-30,0.0109035,0.009902244
1998-05-29,-0.02574788,-0.02703987
1998-06-30,0.03194402,0.03072486
1998-07-31,-0.02336717,-0.02434328
1998-08-31,-0.1578439,-0.1591526
1998-09-30,0.06382662,0.06230775
1998-10-30,0.07439252,0.07337496
1998-11-30,0.0620232,0.06061488
1998-12-31,0.0630511,0.06172314
1999-01-29,0.03845618,0.03765746
1999-02-26,-0.03808507,-0.03927058
1999-03-31,0.03793213,0.03665881
1999-04-30,0.04910428,0.04828288
1999-05-28,-0.02071776,-0.02239156
1999-06-30,0.05082913,0.04973078
1999-07-30,-0.0308426,-0.03171954
1999-08-31,-0.009931256,-0.01108918
1999-09-30,-0.02269279,-0.02389618
1999-10-29,0.06209515,0.06130581
1999-11-30,0.03682369,0.03561741
1999-12-31,0.08375403,0.0826427
2000-01-31,-0.03962428,-0.04026527
2000-02-29,0.03177836,0.03067524
2000-03-31,0.05350066,0.05251684
2000-04-28,-0.05952697,-0.06031731
2000-05-31,-0.03886961,-0.04002852
2000-06-30,0.05160347,0.05080572
2000-07-31,-0.01771172,-0.01843186
2000-08-31,0.07500581,0.07382455
2000-09-29,-0.05114141,-0.05188189
2000-10-31,-0.02448968,-0.02516421
2000-11-30,-0.1023722,-0.1035794
2000-12-29,0.02042246,0.01942778
2001-01-31,0.03960141,0.03881325
2001-02-28,-0.09910221,-0.1002009
2001-03-30,-0.07039171,-0.07134792
2001-04-30,0.08382919,0.08282384
2001-05-31,0.01045539,0.009069419
2001-06-29,-0.01755298,-0.01832802
2001-07-31,-0.01829797,-0.01926488
2001-08-31,-0.05898125,-0.06035627
2001-09-28,-0.09148504,-0.09261797
2001-10-31,0.02783571,0.02681765
2001-11-30,0.07877681,0.07734103
2001-12-31,0.01785255,0.0165704
2002-01-31,-0.01597466,-0.01692923
2002-02-28,-0.02169649,-0.02306285
2002-03-28,0.04467795,0.04370853
2002-04-30,-0.04961811,-0.05052143
2002-05-31,-0.0105211,-0.0119692
2002-06-28,-0.07025092,-0.07150696
2002-07-31,-0.08114888,-0.08233408
2002-08-30,0.007976094,0.006431337
2002-09-30,-0.09992006,-0.1013843
2002-10-31,0.07491931,0.07350148
2002-11-29,0.06126282,0.05959323
2002-12-31,-0.0533152,-0.05495828
2003-01-31,-0.0233996,-0.02460976
2003-02-28,-0.01539111,-0.01721772
2003-03-31,0.01031803,0.008897427
2003-04-30,0.08274979,0.08116248
2003-05-30,0.06343608,0.06174282
2003-06-30,0.01632021,0.0147709
2003-07-31,0.02309801,0.02174949
2003-08-29,0.024996,0.02351638
2003-09-30,-0.009116273,-0.01060211
2003-10-31,0.06031565,0.0588359
2003-11-28,0.01659348,0.01505179
2003-12-31,0.04550484,0.04384754
2004-01-30,0.0230366,0.02201326
2004-02-27,0.01547919,0.01399358
2004-03-31,-0.01066659,-0.01199073
2004-04-30,-0.02421352,-0.02556025
2004-05-28,0.01405848,0.01237351
2004-06-30,0.02160102,0.02003895
2004-07-30,-0.03767046,-0.0387651
2004-08-31,0.002727823,0.001083412
2004-09-30,0.02054298,0.01908519
2004-10-29,0.01780594,0.01657873
2004-11-30,0.04820797,0.04431315
2004-12-31,0.03517713,0.03342184
2005-01-31,-0.02655135,-0.0274052
2005-02-28,0.02267583,0.02083903
2005-03-31,-0.01694849,-0.01858328
2005-04-29,-0.02518493,-0.02656883
2005-05-31,0.03795411,0.03615026
2005-06-30,0.01152576,0.009901968
2005-07-29,0.0433351,0.04222868
2005-08-31,-0.00594371,-0.007761298
2005-09-30,0.01060712,0.009338492
2005-10-31,-0.02087304,-0.0219813
2005-11-30,0.04032233,0.03807018
2005-12-30,0.003457065,0.001886002
2006-01-31,0.04004084,0.03893497
2006-02-28,-0.001638789,-0.003553021
2006-03-31,0.01904188,0.01757468
2006-04-28,0.01296329,0.01149243
2006-05-31,-0.03104144,-0.03302072
2006-06-30,-0.0003881133,-0.001882678
2006-07-31,-0.001874151,-0.002917871
2006-08-31,0.0250479,0.02297407
2006-09-29,0.01942438,0.01810526
2006-10-31,0.03713327,0.03608699
2006-11-30,0.02370242,0.02133826
2006-12-29,0.01085541,0.009152518
2007-01-31,0.01939655,0.01846114
2007-02-28,-0.01398767,-0.01597926
2007-03-30,0.01294977,0.01147453
2007-04-30,0.03981525,0.03844891
2007-05-31,0.03893219,0.03664323
2007-06-29,-0.01476538,-0.01612821
2007-07-31,-0.03176044,-0.03276376
2007-08-31,0.01163043,0.009677426
2007-09-28,0.04084195,0.03932541
2007-10-31,0.0257964,0.02465501
2007-11-30,-0.04932737,-0.05127594
2007-12-31,-0.004423245,-0.00651094
2008-01-31,-0.06213814,-0.0632433
2008-02-29,-0.02166337,-0.02360476
2008-03-31,-0.01042054,-0.01215964
2008-04-30,0.05106048,0.04973567
2008-05-30,0.02380778,0.02149424
2008-06-30,-0.0784257,-0.08024146
2008-07-31,-0.01334129,-0.01468987
2008-08-29,0.01056561,0.008576034
2008-09-30,-0.0979804,-0.09977011
2008-10-31,-0.1846477,-0.1861356
2008-11-28,-0.08461469,-0.08735445
2008-12-31,0.02215415,0.01908681
2009-01-30,-0.0773147,-0.07870851
2009-02-27,-0.1002706,-0.1034573
2009-03-31,0.08674762,0.0834888
2009-04-30,0.1093522,0.107516
2009-05-29,0.06777447,0.06512436
2009-06-30,-0.003099177,-0.005042021
2009-07-31,0.08175195,0.08033118
2009-08-31,0.03146854,0.02930973
2009-09-30,0.04521635,0.0435763
2009-10-30,-0.02797095,-0.02922734
2009-11-30,0.05711698,0.05466093
2009-12-31,0.02843039,0.0264044
2010-01-29,-0.03709752,-0.03811116
2010-02-26,0.03478614,0.0326999
2010-03-31,0.06362587,0.06194043
2010-04-30,0.02006334,0.01895044
2010-05-28,-0.07916308,-0.08125119
2010-06-30,-0.05074472,-0.05248469
2010-07-30,0.0703086,0.06861098
2010-08-31,-0.04284408,-0.0449692
2010-09-30,0.09154682,0.08966427
2010-10-29,0.03851225,0.03699014
2010-11-30,0.005124541,0.002924999
2010-12-31,0.06720509,0.06487299
2011-01-31,0.01913699,0.01818248
2011-02-28,0.03817537,0.03624301
2011-03-31,0.00335316,0.001767893
2011-04-29,0.02866654,0.02755181
2011-05-31,-0.01489987,-0.01690683
2011-06-30,-0.01838777,-0.02015328
2011-07-29,-0.02252415,-0.0236647
2011-08-31,-0.05749821,-0.05963816
2011-09-30,-0.08486251,-0.08655389
2011-10-31,0.1140301,0.1126193
2011-11-30,-0.006207199,-0.00887476
2011-12-30,0.003696293,0.001449027
2012-01-31,0.05409463,0.05294651
2012-02-29,0.0412389,0.03896671
2012-03-30,0.02400399,0.02211977
2012-04-30,-0.006806476,-0.008024212
2012-05-31,-0.06557433,-0.06798601
2012-06-29,0.03818888,0.03608854
2012-07-31,0.01028388,0.009030609
2012-08-31,0.02627828,0.02367814
2012-09-28,0.0265544,0.02461306
2012-10-31,-0.01410401,-0.01555276
2012-11-30,0.006192178,0.002951245
2012-12-31,0.01252873,0.008977878
2013-01-31,0.05414457,0.05293669
2013-02-28,0.008340364,0.006136131
2013-03-28,0.03529375,0.03352784
2013-04-30,0.01494684,0.01377032
2013-05-31,0.01907392,0.01651525
2013-06-28,-0.01503552,-0.01705119
2013-07-31,0.05271696,0.0512797
2013-08-30,-0.02572692,-0.02790395
2013-09-30,0.03747036,0.03567591
2013-10-31,0.03989509,0.03860836
2013-11-29,0.02496603,0.02284231
2013-12-31,0.02613987,0.02408599
2014-01-31,-0.0299865,-0.03109327
2014-02-28,0.04618626,0.04395092
2014-03-31,0.004501169,0.00278364
2014-04-30,0.001670388,0.000505876
2014-05-30,0.0202225,0.01801537
2014-06-30,0.02796136,0.02597744
2014-07-31,-0.02053673,-0.02183222
2014-08-29,0.04020714,0.03820417
2014-09-30,-0.02513202,-0.02682608
2014-10-31,0.02119622,0.01994754
2014-11-28,0.02115908,0.01899419
2014-12-31,-0.00362207,-0.005756255
2015-01-30,-0.02720094,-0.02827297
2015-02-27,0.05602062,0.0536833
2015-03-31,-0.0104534,-0.01226958
2015-04-30,0.008715708,0.007567438
2015-05-29,0.01034533,0.008185912
2015-06-30,-0.01926209,-0.02120353
2015-07-31,0.01211286,0.01089958
2015-08-31,-0.06004574,-0.06211127
2015-09-30,-0.03376905,-0.03570407
2015-10-30,0.07402217,0.07262651
2015-11-30,0.002448751,0.0001828337
2015-12-31,-0.02228775,-0.02452731
2016-01-29,-0.05709377,-0.05826364
2016-02-29,0.0006867422,-0.001734655
2016-03-31,0.07051735,0.06814517
2016-04-29,0.01181701,0.01058217
2016-05-31,0.01431573,0.01190466
2016-06-30,0.003110331,0.001036523
2016-07-29,0.03877529,0.03752756
2016-08-31,0.002788718,0.000452628
2016-09-30,0.003016973,0.001240364
2016-10-31,-0.0215942,-0.02283903
2016-11-30,0.04049072,0.03804553
2016-12-30,0.01879204,0.01665174
2017-01-31,0.02219005,0.02116559
2017-02-28,0.03266432,0.03056294
2017-03-31,0.002092126,0.0002198085
2017-04-28,0.009614883,0.008495795
2017-05-31,0.009335273,0.006988821
2017-06-30,0.009469612,0.007585972
2017-07-31,0.02032932,0.01894494
2017-08-31,0.001589232,-0.0006471617
2017-09-29,0.0237333,0.022128
2017-10-31,0.01928174,0.01817974
2017-11-30,0.02730906,0.02498448
2017-12-29,0.01217342,0.01031551
2018-01-31,0.05065686,0.04970297
2018-02-28,-0.03946393,-0.04133091
2018-03-29,-0.01843439,-0.02030266
2018-04-30,0.004768502,0.00365952
2018-05-31,0.02616928,0.02387687
2018-06-29,0.005334684,0.003549788
2018-07-31,0.03160318,0.03046648
2018-08-31,0.030221,0.02775495
2018-09-28,0.0004459018,-0.001189103
2018-10-31,-0.07403179,-0.07510044
2018-11-30,0.01853506,0.01619786
2018-12-31,-0.08980669,-0.09204302
2019-01-31,0.08827558,0.08704846
2019-02-28,0.0327163,0.0306601
2019-03-29,0.01297843,0.01115481
2019-04-30,0.03788197,0.03668779
2019-05-31,-0.06165325,-0.06386927
2019-06-28,0.0672706,0.06527309
2019-07-31,0.01188153,0.01072767
2019-08-30,-0.02027148,-0.02230148
2019-09-30,0.0160241,0.01416183
2019-10-31,0.01926505,0.01809398
2019-11-29,0.03497103,0.03296148
2019-12-31,0.0284477,0.02619957
